start time,end time,input file path,output file path,output file name
,,,,Argo CD Extension 在 UI 上也能做手工藝
,,,,What We Can Do with Kubernetes Custom Controllers
,,,,Adaptive Cluster - Kubernetes Operator 5W1H
,,,,CNCF 開源貢獻新人指北
,,,,Lightning Talk
,,,,Kubernetes 在實務上的 CAP 定理
,,,,k0s: Yet Another Lightweight Kubernetes Distribution?
,,,,"Getting started instrumenting, collecting, and visualizing telemetry data with OpenTelemetry and Grafana"
,,,,Building Internal Platforms with Crossplane
,,,,Grafana Alloy 最佳實踐：多租户設計、性能優化與端到端追蹤
,,,,KubeVirt如何協助企業走向容器化之路
,,,,Should You Switch to the New Kubernetes Gateway API?
,,,,Rapidly Deploy NFV with VyOS on Kubernetes
,,,,開發與部署輕量化的 Wasm+LLM 容器
,,,,Lightning Talk
,,,,Boost Security in Kubernetes with CIS Security Controls and Benchmarks
,,,,Distributed Tracing in LINE Taiwan : 大規模分散式追蹤的實踐與挑戰
,,,,Optimizing On-Premise Kubernetes Networking with BGP
